{
	"url": "https://www.tech.gov.sg/careers/overview/",
	"page": "/careers/overview/",
	"errors": [
		{
			"id": "button-name",
			"description": "Buttons must have discernible text",
			"impact": "critical",
			"helpUrl": "https://dequeuniversity.com/rules/axe/4.6/button-name?application=purple-hats",
			"fixes": [
				{
					"htmlElement": "<button class=\"bp-button\" id=\"print-button\">\n              <i class=\"sgds-icon sgds-icon-print is-size-4\">\n              </i>\n            </button>"
				},
				{
					"htmlElement": "<button class=\"bp-button\" id=\"copy-link\">\n              <i class=\"sgds-icon sgds-icon-link is-size-4\">\n              </i>\n            </button>"
				},
				{
					"htmlElement": "<button class=\"bp-button\">\n            <i class=\"sgds-icon sgds-icon-mail is-size-4\">\n            </i>\n            </button>"
				},
				{
					"htmlElement": "<button class=\"bp-button\">\n              <i class=\"sgds-icon sgds-icon-facebook-alt is-size-4\">\n              </i>\n            </button>"
				},
				{
					"htmlElement": "<button class=\"bp-button\">\n              <i class=\"sgds-icon sgds-icon-linkedin-alt is-size-4\">\n              </i>\n            </button>"
				}
			]
		},
		{
			"id": "heading-order",
			"description": "Heading levels should only increase by one",
			"impact": "moderate",
			"helpUrl": "https://dequeuniversity.com/rules/axe/4.6/heading-order?application=purple-hats",
			"fixes": [
				{
					"htmlElement": "<h3 id=\"overview\"><strong>Overview</strong></h3>"
				},
				{
					"htmlElement": "<h5><b>Related Content</b></h5>"
				}
			]
		},
		{
			"id": "landmark-no-duplicate-contentinfo",
			"description": "Document should not have more than one contentinfo landmark",
			"impact": "moderate",
			"helpUrl": "https://dequeuniversity.com/rules/axe/4.6/landmark-no-duplicate-contentinfo?application=purple-hats",
			"fixes": [
				{
					"htmlElement": "<footer class=\"bp-footer top-section\" onclick=\"\">"
				}
			]
		},
		{
			"id": "landmark-one-main",
			"description": "Document should have one main landmark",
			"impact": "moderate",
			"helpUrl": "https://dequeuniversity.com/rules/axe/4.6/landmark-one-main?application=purple-hats",
			"fixes": [
				{
					"htmlElement": "<html lang=\"en\" class=\" js flexbox flexboxlegacy canvas canvastext webgl no-touch geolocation postmessage websqldatabase indexeddb hashchange history draganddrop websockets rgba hsla multiplebgs backgroundsize borderimage borderradius boxshadow textshadow opacity cssanimations csscolumns cssgradients cssreflections csstransforms csstransforms3d csstransitions fontface generatedcontent video audio localstorage sessionstorage webworkers no-applicationcache svg inlinesvg smil svgclippaths\">"
				}
			]
		},
		{
			"id": "landmark-unique",
			"description": "Ensures landmarks are unique",
			"impact": "moderate",
			"helpUrl": "https://dequeuniversity.com/rules/axe/4.6/landmark-unique?application=purple-hats",
			"fixes": [
				{
					"htmlElement": "<footer class=\"bp-footer top-section\" onclick=\"\">"
				}
			]
		},
		{
			"id": "link-name",
			"description": "Links must have discernible text",
			"impact": "serious",
			"helpUrl": "https://dequeuniversity.com/rules/axe/4.6/link-name?application=purple-hats",
			"fixes": [
				{
					"htmlElement": "<a href=\"mailto:?Subject=Careers&amp;Body= https://www.tech.gov.sg/careers/overview/\">\n            <button class=\"bp-button\">\n            <i class=\"sgds-icon sgds-icon-mail is-size-4\">\n            </i>\n            </button>\n            </a>"
				},
				{
					"htmlElement": "<a href=\"http://www.facebook.com/sharer.php?u=https://www.tech.gov.sg/careers/overview/\" target=\"_blank\">\n            <button class=\"bp-button\">\n              <i class=\"sgds-icon sgds-icon-facebook-alt is-size-4\">\n              </i>\n            </button>\n            </a>"
				},
				{
					"htmlElement": "<a href=\"https://www.linkedin.com/sharing/share-offsite/?url=https://www.tech.gov.sg/careers/overview/&amp;title=Careers\" target=\"_blank\">"
				}
			]
		},
		{
			"id": "listitem",
			"description": "<li> elements must be contained in a <ul> or <ol>",
			"impact": "serious",
			"helpUrl": "https://dequeuniversity.com/rules/axe/4.6/listitem?application=purple-hats",
			"fixes": [
				{
					"htmlElement": "<li class=\"navbar-item\"><a href=\"/contact-us/\" class=\"is-uppercase\">Contact Us</a><div class=\"selector  is-hidden-touch\"></div>\n                    </li>"
				}
			]
		},
		{
			"id": "region",
			"description": "All page content should be contained by landmarks",
			"impact": "moderate",
			"helpUrl": "https://dequeuniversity.com/rules/axe/4.6/region?application=purple-hats",
			"fixes": [
				{
					"htmlElement": "<div class=\"masthead-layout\" id=\"bp-masthead\">"
				},
				{
					"htmlElement": "<div class=\"bp-container\">\n        <div class=\"row\">\n            <div class=\"col\">\n                <h1 class=\"has-text-white\"><b>Careers</b></h1>\n            </div>\n        </div>\n    </div>"
				},
				{
					"htmlElement": "<h3 id=\"overview\"><strong>Overview</strong></h3>"
				},
				{
					"htmlElement": "<p>"
				},
				{
					"htmlElement": "<p>We need people who share the same excitement and passion – individuals who are excited about building the Government Tech Stack, and developing meaningful products, platforms, and solutions for the public good.</p>"
				},
				{
					"htmlElement": "<p>Agile. Bold. Collaborative. We are growing in ways we may never have predicted. We are challenging ourselves to innovate. We are seeking collaborators to co-create. Join us, and help build the next impactful solution for our citizens and businesses.</p>"
				},
				{
					"htmlElement": "<div id=\"related-content\" class=\"\">"
				},
				{
					"htmlElement": "<section class=\"bp-section bottom-navigation\">"
				}
			]
		}
	]
}