{
	"url": "https://www.tech.gov.sg/",
	"page": "/",
	"errors": [
		{
			"id": "color-contrast",
			"description": "Elements must have sufficient color contrast",
			"impact": "serious",
			"helpUrl": "https://dequeuniversity.com/rules/axe/4.6/color-contrast?application=purple-hats",
			"fixes": [
				{
					"htmlElement": "<p class=\"has-text-white-trans padding--bottom--sm\">Programmes for citizens, businesses and government agencies</p>"
				},
				{
					"htmlElement": "<p class=\"has-text-white-trans padding--bottom--sm\">A Government that is “Digital to the Core, and Serves with Heart\"</p>"
				},
				{
					"htmlElement": "<p class=\"has-text-white-trans padding--bottom--sm\">Get the latest tech stories and updates from GovTech</p>"
				},
				{
					"htmlElement": "<p class=\"has-text-white-trans padding--bottom--sm\">Unleash your passion and potential with us</p>"
				},
				{
					"htmlElement": "<span>Learn More About LifeSG</span>"
				},
				{
					"htmlElement": "<span>Read More Stories</span>"
				}
			]
		},
		{
			"id": "empty-heading",
			"description": "Headings should not be empty",
			"impact": "minor",
			"helpUrl": "https://dequeuniversity.com/rules/axe/4.6/empty-heading?application=purple-hats",
			"fixes": [
				{
					"htmlElement": "<h1 class=\"display padding--bottom--lg margin--none\">\n                    <b class=\"is-hidden-touch\"></b>\n                    <b class=\"is-hidden-desktop\"></b>\n                  </h1>"
				}
			]
		},
		{
			"id": "heading-order",
			"description": "Heading levels should only increase by one",
			"impact": "moderate",
			"helpUrl": "https://dequeuniversity.com/rules/axe/4.6/heading-order?application=purple-hats",
			"fixes": [
				{
					"htmlElement": "<h4 class=\"has-text-white padding--bottom--lg\" style=\"line-height: 2.25rem\"><b>Breast cancer care - How tech is making a difference</b></h4>"
				}
			]
		},
		{
			"id": "landmark-no-duplicate-contentinfo",
			"description": "Document should not have more than one contentinfo landmark",
			"impact": "moderate",
			"helpUrl": "https://dequeuniversity.com/rules/axe/4.6/landmark-no-duplicate-contentinfo?application=purple-hats",
			"fixes": [
				{
					"htmlElement": "<footer class=\"bp-footer top-section\" onclick=\"\">"
				}
			]
		},
		{
			"id": "landmark-one-main",
			"description": "Document should have one main landmark",
			"impact": "moderate",
			"helpUrl": "https://dequeuniversity.com/rules/axe/4.6/landmark-one-main?application=purple-hats",
			"fixes": [
				{
					"htmlElement": "<html lang=\"en\" class=\" js flexbox flexboxlegacy canvas canvastext webgl no-touch geolocation postmessage websqldatabase indexeddb hashchange history draganddrop websockets rgba hsla multiplebgs backgroundsize borderimage borderradius boxshadow textshadow opacity cssanimations csscolumns cssgradients cssreflections csstransforms csstransforms3d csstransitions fontface generatedcontent video audio localstorage sessionstorage webworkers no-applicationcache svg inlinesvg smil svgclippaths\">"
				}
			]
		},
		{
			"id": "landmark-unique",
			"description": "Ensures landmarks are unique",
			"impact": "moderate",
			"helpUrl": "https://dequeuniversity.com/rules/axe/4.6/landmark-unique?application=purple-hats",
			"fixes": [
				{
					"htmlElement": "<footer class=\"bp-footer top-section\" onclick=\"\">"
				}
			]
		},
		{
			"id": "listitem",
			"description": "<li> elements must be contained in a <ul> or <ol>",
			"impact": "serious",
			"helpUrl": "https://dequeuniversity.com/rules/axe/4.6/listitem?application=purple-hats",
			"fixes": [
				{
					"htmlElement": "<li class=\"navbar-item\"><a href=\"/contact-us/\" class=\"is-uppercase\">Contact Us</a><div class=\"selector  is-hidden-touch\"></div>\n                    </li>"
				}
			]
		},
		{
			"id": "region",
			"description": "All page content should be contained by landmarks",
			"impact": "moderate",
			"helpUrl": "https://dequeuniversity.com/rules/axe/4.6/region?application=purple-hats",
			"fixes": [
				{
					"htmlElement": "<div class=\"masthead-layout\" id=\"bp-masthead\">"
				},
				{
					"htmlElement": "<a href=\"https://www.tech.gov.sg/media/technews/subscribe?utm_source=website&amp;utm_medium=homepage&amp;utm_campaign=leadgencampaign2023\" class=\"bp-button is-secondary is-uppercase search-button\">Subscribe to TechNews</a>"
				},
				{
					"htmlElement": "<section id=\"key-highlights\" class=\"bp-section is-paddingless\">"
				},
				{
					"htmlElement": "<p class=\"padding--bottom eyebrow is-uppercase\">Singpass</p>"
				},
				{
					"htmlElement": "<h1 class=\"has-text-secondary padding--bottom\">\n                    <b>Your improved digital identity</b>\n                </h1>"
				},
				{
					"htmlElement": "<p>Singpass is Singapore residents' trusted digital identity for convenient and secure access to thousands of government and private sector services, online and in person.</p>"
				},
				{
					"htmlElement": "<span>Learn More About Singpass</span>"
				},
				{
					"htmlElement": "<div class=\"col is-half is-half padding--top--xl padding--bottom--xl\">\n                <img src=\"https://d33wubrfki0l68.cloudfront.net/af5ed6bb161e22f55719003120dd9b402fdff18b/45087/images/singpass_homepage_2560.jpg\" alt=\"Singpass\">\n            </div>"
				},
				{
					"htmlElement": "<div class=\"col is-half is-half padding--top--xl padding--bottom--xl\">\n                <img src=\"https://d33wubrfki0l68.cloudfront.net/9180bcd0cf77d337727b8ff12636baceacc0b2df/c6124/images/lifesg_homepage_2560.jpg\" alt=\"LifeSG\">\n            </div>"
				},
				{
					"htmlElement": "<p class=\"padding--bottom eyebrow is-uppercase\">LifeSG</p>"
				},
				{
					"htmlElement": "<h1 class=\"has-text-secondary padding--bottom\">\n                    <b>Simpler services. Better lives.</b>\n                </h1>"
				},
				{
					"htmlElement": "<p>LifeSG offers a simplified experience across government services so citizens can save time and focus on the things that matter.</p>"
				},
				{
					"htmlElement": "<span>Learn More About LifeSG</span>"
				},
				{
					"htmlElement": "<p class=\"padding--bottom eyebrow is-uppercase\">GoBusiness</p>"
				},
				{
					"htmlElement": "<h1 class=\"has-text-secondary padding--bottom\">\n                    <b>Your business partner from the get-go</b>\n                </h1>"
				},
				{
					"htmlElement": "<p>GoBusiness provides government resources and e-services all in one place to help businesses in Singapore in their journey.</p>"
				},
				{
					"htmlElement": "<span>Learn More About GoBusiness</span>"
				},
				{
					"htmlElement": "<div class=\"col is-half is-half padding--top--xl padding--bottom--xl\">\n                <img src=\"https://d33wubrfki0l68.cloudfront.net/f706a5bc55036acb69e5efb04f0d40324efc0261/34070/images/gobiz_homepage_2560.png\" alt=\"GoBusiness\">\n            </div>"
				},
				{
					"htmlElement": "<div class=\"row\">"
				},
				{
					"htmlElement": "<div class=\"row padding--bottom\">"
				},
				{
					"htmlElement": "<span>Read More Stories</span>"
				}
			]
		}
	]
}