{
	"url": "https://www.wallet.gov.sg/",
	"page": "/",
	"errors": [
		{
			"id": "html-has-lang",
			"description": "<html> element must have a lang attribute",
			"impact": "serious",
			"helpUrl": "https://dequeuniversity.com/rules/axe/4.6/html-has-lang?application=purple-hats",
			"fixes": [
				{
					"htmlElement": "<html>"
				}
			]
		},
		{
			"id": "landmark-one-main",
			"description": "Document should have one main landmark",
			"impact": "moderate",
			"helpUrl": "https://dequeuniversity.com/rules/axe/4.6/landmark-one-main?application=purple-hats",
			"fixes": [
				{
					"htmlElement": "<html>"
				}
			]
		},
		{
			"id": "link-name",
			"description": "Links must have discernible text",
			"impact": "serious",
			"helpUrl": "https://dequeuniversity.com/rules/axe/4.6/link-name?application=purple-hats",
			"fixes": [
				{
					"htmlElement": "<a data-cy=\"gw-icon\" aria-current=\"page\" class=\"cta-base text-grey-700 hover:text-primary-700 active:text-primary-700 text-primary-700 active\" href=\"/\">"
				}
			]
		},
		{
			"id": "meta-viewport",
			"description": "Zooming and scaling must not be disabled",
			"impact": "critical",
			"helpUrl": "https://dequeuniversity.com/rules/axe/4.6/meta-viewport?application=purple-hats",
			"fixes": [
				{
					"htmlElement": "<meta content=\"minimum-scale=1, initial-scale=1, width=device-width, shrink-to-fit=no, user-scalable=no, viewport-fit=cover, min-width=320\" name=\"viewport\">"
				},
				{
					"htmlElement": "<meta content=\"minimum-scale=1, initial-scale=1, width=device-width, shrink-to-fit=no, user-scalable=no, viewport-fit=cover, min-width=320\" name=\"viewport\">"
				}
			]
		},
		{
			"id": "region",
			"description": "All page content should be contained by landmarks",
			"impact": "moderate",
			"helpUrl": "https://dequeuniversity.com/rules/axe/4.6/region?application=purple-hats",
			"fixes": [
				{
					"htmlElement": "<p class=\"caption-xs py-8 text-grey-900\" data-cy=\"masthead-label\">A Singapore Government Agency Website</p>"
				},
				{
					"htmlElement": "<ul class=\"hidden mt-48 flex flex-col text-center md:mt-0 md:flex md:flex-row md:gap-32\" data-cy=\"base-button-group\">"
				},
				{
					"htmlElement": "<h1 class=\"heading-4xl lg:heading-5xl xl:heading-6xl col-span-full mt-64 text-center md:mt-88 lg:col-start-2 lg:col-end-12\">Your wallet to manage<br>Singapore Government payouts</h1>"
				},
				{
					"htmlElement": "<p class=\"body-base lg:body-large col-span-full text-center lg:col-start-3 lg:col-end-11\">Eligible citizens receive and spend payouts either in cash or credits seamlessly, all in one place.</p>"
				},
				{
					"htmlElement": "<div class=\"md:col-start-4 lg:col-start-7 col-span-full mb-32 text-center md:col-span-4 md:mb-0 md:text-left lg:col-span-5\">"
				},
				{
					"htmlElement": "<div class=\"md:col-start-2 lg:col-start-2 col-span-full mb-32 text-center md:col-span-4 md:mb-0 md:text-left lg:col-span-5\">"
				},
				{
					"htmlElement": "<div class=\"md:col-start-4 lg:col-start-7 col-span-full mb-32 text-center md:col-span-4 md:mb-0 md:text-left lg:col-span-5\">"
				},
				{
					"htmlElement": "<div class=\"wrapper my-64 flex flex-col md:my-88\" data-cy=\"partnerships-section\">"
				},
				{
					"htmlElement": "<div class=\"wrapper my-64 flex flex-col md:my-88\" data-cy=\"supported-by-section\">"
				}
			]
		}
	]
}